Station,Magnitude,Rjb,Rup,vs30,Max. Aceleration (g),Max. Velocity (cm/sec),Max. Displacement (cm),Vmax / Amax: (sec),Acceleration RMS: (g),Velocity RMS: (cm/sec),Displacement RMS: (cm),Arias Intensity: (m/sec),Characteristic Intensity (Ic),Specific Energy Density (cm2/sec),Cumulative Absolute Velocity (cm/sec),Acceleration Spectrum Intensity (g*sec),Velocity Spectrum Intensity (cm),Housner Intensity (cm),Sustained Maximum Acceleration (g),Sustained Maximum Velocity (cm/sec),Effective Design Acceleration (g),A95 parameter (g),Max Incremental Velocity (cm/sec),Damage Index((g)^c),IP Index,"Sa,avg (g)",Standarized CAV (g*sec),Period (sec),Amplitude (cm/sec),Pulse Indicator (r)
RSN77_SFERN_PUL164,6.61,0,1.81,2016.13,1.21904,114.47103,39.01919,0.09572,0.11799,15.20024,9.74063,8.94762,0.26175,9636.98202,2104.50792,0.85586,378.32022,352.95092,0.93619,56.4269,1.19252,0.79237,139.10189,19.55573,18.00892,0.87367,1.95838,1.54,114.25382,0.6952 [pulse-like]
RSN77_SFERN_PUL254,6.61,0,1.81,2016.13,1.23832,57.27904,12.80136,0.04715,0.11261,8.74847,2.63969,8.1507,0.24406,3192.30394,1997.00041,0.83321,260.05069,227.90445,0.71306,48.71101,1.08512,0.77147,98.631,18.14933,34.23658,0.57875,1.83948,1.34,56.69073,0.63285 [ambiguous]
RSN143_TABAS_TAB-L1,7.35,1.79,2.05,766.77,0.85398,98.84753,37.53233,0.11799,0.15252,21.20858,13.36722,11.82173,0.34206,14834.5304,3119.28367,0.815,344.23363,328.48682,0.65636,76.37069,0.85753,0.59693,112.60931,21.52621,30.29797,0.81509,3.1144,2.96,143.73157,0.58527 [ambiguous]
RSN143_TABAS_TAB-T1,7.35,1.79,2.05,766.77,0.86176,123.40428,93.6364,0.14597,0.15242,33.20948,27.73501,11.80722,0.34175,36372.63361,3096.66132,0.93667,309.26757,300.32322,0.64529,103.76537,0.90201,0.59892,116.63411,21.0752,24.05995,0.75818,3.09895,3.98,84.05063,0.69568 [pulse-like]
RSN147_COYOTELK_G02050,5.73,8.47,9.02,270.84,0.19082,10.27772,2.92205,0.0549,0.02632,2.12663,0.55741,0.28698,0.02214,121.5439,372.58513,0.18022,45.79956,40.31939,0.14887,9.29375,0.1989,0.14598,16.476,0.56161,36.55616,0.10602,0.22261,1.02,10.10913,0.43902 [non pulse-like]
RSN147_COYOTELK_G02140,5.73,8.47,9.02,270.84,0.25555,31.93287,5.71804,0.12738,0.03516,3.75225,0.87872,0.5115,0.03416,378.10243,408.35769,0.28772,105.78588,93.46313,0.21163,10.41438,0.25627,0.20955,35.51234,0.75745,12.91998,0.23368,0.27638,1.2,31.01292,0.80327 [pulse-like]
RSN148_COYOTELK_G03050,5.73,6.75,7.42,349.85,0.25182,17.63273,4.7159,0.07138,0.03106,3.81385,1.14825,0.39884,0.02835,390.25346,418.99744,0.1935,79.87443,77.03124,0.15522,14.95334,0.25915,0.18761,32.59217,0.64168,23.97105,0.19019,0.28257,1.04,14.10066,0.68349 [pulse-like]
RSN148_COYOTELK_G03140,5.73,6.75,7.42,349.85,0.25637,29.57846,6.33654,0.11761,0.03061,3.69039,0.98867,0.38758,0.02775,365.46587,411.36896,0.21678,101.80128,83.33922,0.19336,8.8108,0.25411,0.18766,32.75365,0.59016,14.02364,0.20603,0.2575,1.08,27.53644,0.78358 [pulse-like]
RSN149_COYOTELK_G04270,5.73,4.79,5.7,221.78,0.23291,25.79086,3.56682,0.11288,0.03858,3.87951,0.99253,0.62341,0.03951,409.07464,568.4282,0.22316,85.72039,70.7996,0.19647,15.41778,0.23337,0.18284,37.61801,0.688,22.18948,0.16879,0.43186,0.98,24.6977,0.52372 [non pulse-like]
RSN149_COYOTELK_G04360,5.73,4.79,5.7,221.78,0.25167,31.83518,5.24314,0.12895,0.03459,4.18434,1.00039,0.50149,0.03355,476.32443,540.89989,0.22693,97.86515,88.86972,0.13759,9.99999,0.25074,0.19026,48.37125,0.55036,17.08231,0.21241,0.39006,1.12,23.23727,0.71151 [pulse-like]
RSN150_COYOTELK_G06230,5.73,0.42,3.11,663.31,0.42178,44.34843,12.44406,0.10718,0.04309,5.30757,1.55988,0.77491,0.04655,763.1323,432.98474,0.25695,157.86229,137.64354,0.19261,10.58639,0.41665,0.34206,71.32936,0.86188,9.89265,0.32824,0.32692,0.92,43.03474,0.88185 [pulse-like]
RSN150_COYOTELK_G06320,5.73,0.42,3.11,663.31,0.31884,25.39576,4.38051,0.08119,0.0403,3.08992,0.6173,0.67831,0.04212,258.73976,414.75181,0.38521,87.95782,74.89555,0.27389,16.37597,0.31333,0.25603,34.40182,1.07362,16.56138,0.18671,0.31284,1.4,13.09495,0.63796 [ambiguous]
RSN159_IMPVALL.H_H-AGR003,6.53,0,0.65,242.05,0.28726,34.93556,9.36137,0.12397,0.0469,5.87659,2.00001,0.96366,0.05416,981.81062,824.75139,0.17512,128.1854,123.21279,0.20058,15.61568,0.26958,0.17436,45.24065,2.69825,22.63224,0.29304,0.71476,2.04,30.06503,0.76710 [pulse-like]
RSN159_IMPVALL.H_H-AGR273,6.53,0,0.65,242.05,0.19134,41.67998,11.60605,0.22205,0.04221,6.69439,2.35473,0.78047,0.04624,1274.08809,732.17086,0.15277,151.97125,144.85943,0.17685,19.15122,0.19094,0.13777,52.92906,1.44983,17.21667,0.3195,0.61554,1.82,36.12828,0.77896 [pulse-like]
RSN161_IMPVALL.H_H-BRA225,6.53,8.54,10.42,208.71,0.16261,36.60738,25.67789,0.22949,0.02308,7.7736,6.64433,0.31088,0.02158,2288.74089,503.16095,0.1321,76.23902,89.05725,0.13843,26.83055,0.16719,0.11155,48.07763,0.47669,13.83716,0.19511,0.28127,3.9,36.24876,0.78118 [pulse-like]
RSN161_IMPVALL.H_H-BRA315,6.53,8.54,10.42,208.71,0.21952,40.93847,16.24961,0.1901,0.02773,5.79809,4.95879,0.44884,0.02842,1273.10746,544.79969,0.20398,96.73038,96.13416,0.19023,12.76832,0.22217,0.16574,50.2275,0.64789,13.43004,0.23461,0.33103,2.9,39.43452,0.65511 [pulse-like]
RSN170_IMPVALL.H_H-ECC002,6.53,7.31,7.31,192.05,0.21204,38.43942,16.99015,0.1848,0.03502,7.7394,5.45629,0.75563,0.04144,2395.63336,716.39221,0.19709,144.73419,142.57426,0.18204,27.24245,0.20901,0.15479,65.68032,0.70711,18.77093,0.32223,0.52223,1.36,37.40625,0.48074 [non pulse-like]
RSN170_IMPVALL.H_H-ECC092,6.53,7.31,7.31,192.05,0.23542,73.38541,48.00651,0.31775,0.03465,11.8723,10.72879,0.74011,0.0408,5637.35494,733.88508,0.16636,145.16557,154.0207,0.16484,30.82911,0.23013,0.16739,62.7713,0.46165,10.06232,0.33774,0.51149,3.96,64.92338,0.81077 [pulse-like]
RSN171_IMPVALL.H_H-EMO000,6.53,0.07,0.07,264.57,0.3172,72.94515,34.92213,0.23442,0.03751,8.93232,6.92738,0.86703,0.04594,3191.05479,669.7322,0.21557,174.21816,177.92051,0.23475,26.1335,0.31306,0.23061,73.47643,0.52863,9.26429,0.40304,0.46735,3.1,59.71021,0.83367 [pulse-like]
RSN171_IMPVALL.H_H-EMO270,6.53,0.07,0.07,264.57,0.29758,92.61452,34.50472,0.31725,0.04233,14.4505,7.37793,1.10429,0.05508,8351.63313,765.63503,0.225,222.84013,246.48479,0.17975,38.96093,0.29929,0.24819,144.52886,0.39711,8.33394,0.4957,0.55965,3.08,63.79905,0.88984 [pulse-like]
RSN173_IMPVALL.H_H-E10050,6.53,8.6,8.6,202.85,0.17314,50.69032,35.39345,0.29844,0.03201,10.84157,9.29623,0.58514,0.03487,4354.84268,686.852,0.18026,102.68385,107.24304,0.15161,31.06229,0.17359,0.13072,80.03609,0.64994,13.61749,0.23991,0.49841,3.98,57.82485,0.76784 [pulse-like]
RSN173_IMPVALL.H_H-E10320,6.53,8.6,8.6,202.85,0.23163,46.37725,28.78161,0.2041,0.03507,8.39478,7.05992,0.70139,0.03995,2608.17921,716.71399,0.19349,149.05845,149.7999,0.1805,34.16581,0.23082,0.17071,73.71403,0.81529,15.51924,0.32484,0.51408,1.52,55.40493,0.65051 [pulse-like]
RSN178_IMPVALL.H_H-E03140,6.53,10.79,12.85,162.94,0.26739,47.97359,20.74382,0.18289,0.04344,8.01356,6.11016,1.15162,0.05698,2543.64344,901.2497,0.28299,152.19376,147.30775,0.25608,27.71376,0.26734,0.20429,50.73214,1.87007,18.84924,0.35025,0.67607,3.1,47.61702,0.72962 [pulse-like]
RSN178_IMPVALL.H_H-E03230,6.53,10.79,12.85,162.94,0.22252,43.29137,25.53025,0.19832,0.03388,7.77503,7.41584,0.70086,0.03925,2395.37552,730.76678,0.20324,62.20129,65.52747,0.17309,37.13145,0.22225,0.14597,26.35389,1.5395,16.96114,0.16752,0.53712,3.98,33.22678,0.81913 [pulse-like]
RSN179_IMPVALL.H_H-E04140,6.53,4.9,7.05,208.91,0.48431,39.64482,25.13682,0.08344,0.04743,8.59912,8.70257,1.35505,0.06458,2890.13481,838.75233,0.36299,188.50837,178.15952,0.27115,33.40902,0.48856,0.38357,68.13017,1.67263,21.21946,0.43836,0.63079,2.02,35.03448,0.50714 [non pulse-like]
RSN179_IMPVALL.H_H-E04230,6.53,4.9,7.05,208.91,0.37043,80.41472,74.268,0.22129,0.04018,16.76137,14.99676,0.97219,0.05035,10980.67346,777.43234,0.24697,149.68034,183.32393,0.25311,62.3896,0.36009,0.25856,125.09294,0.92962,9.69742,0.41401,0.56858,3.98,78.38602,0.92494 [pulse-like]
RSN180_IMPVALL.H_H-E05140,6.53,1.76,3.95,205.63,0.52867,48.9108,48.88193,0.09431,0.05284,12.56021,13.16322,1.69419,0.07622,6210.96684,966.40777,0.42483,179.27719,168.49393,0.29982,46.60537,0.55479,0.34681,52.10289,2.45261,19.78874,0.42268,0.77401,2.76,66.96625,0.56908 [ambiguous]
RSN180_IMPVALL.H_H-E05230,6.53,1.76,3.95,205.63,0.38315,96.9024,75.22147,0.25781,0.0532,18.57531,14.93712,1.71736,0.077,13586.0394,1006.87288,0.40422,188.43377,217.64888,0.34662,74.76977,0.36901,0.28813,147.75575,2.06311,10.40455,0.50066,0.80334,3.84,97.94979,0.91276 [pulse-like]
RSN181_IMPVALL.H_H-E06140,6.53,0,1.35,203.22,0.44729,67.01932,27.89589,0.15274,0.05059,11.43455,6.49786,1.54103,0.07113,5109.67063,980.28326,0.27626,200.69433,207.53563,0.30297,43.73152,0.35787,0.263,62.42643,2.91677,14.63481,0.4819,0.7846,2.94,62.2551,0.84975 [pulse-like]
RSN181_IMPVALL.H_H-E06230,6.53,0,1.35,203.22,0.44904,113.55358,72.88818,0.25778,0.05524,20.38239,15.16894,1.83804,0.08118,16237.54308,1048.5593,0.31455,180.38219,222.56132,0.28954,93.6636,0.4385,0.304,135.43051,2.70088,9.2445,0.50358,0.87498,3.96,107.14924,0.95302 [pulse-like]
RSN182_IMPVALL.H_H-E07140,6.53,0.56,0.56,210.51,0.34081,51.68064,27.99527,0.15458,0.03914,9.8607,8.29424,0.87025,0.04702,3584.50753,646.8826,0.2105,180.53004,173.46871,0.21438,44.8451,0.33745,0.2764,67.53739,0.62587,12.60583,0.39448,0.46241,2.76,61.65655,0.71082 [pulse-like]
RSN182_IMPVALL.H_H-E07230,6.53,0.56,0.56,210.51,0.46909,113.13938,46.94397,0.24586,0.05518,17.3007,11.53468,1.72997,0.07871,11034.22051,809.11749,0.31653,244.16386,267.97219,0.22358,56.03035,0.4607,0.40295,111.79684,0.87856,7.19366,0.6007,0.63547,3.48,77.31215,0.89772 [pulse-like]
RSN184_IMPVALL.H_H-EDA270,6.53,5.09,5.09,202.26,0.35262,75.57666,57.15234,0.21848,0.05399,12.40451,12.06077,1.75168,0.07834,6000.23478,998.78374,0.3524,152.72683,147.4352,0.32778,45.56986,0.34643,0.26411,63.10353,3.79047,13.23498,0.3577,0.80223,3.98,61.74908,0.84427 [pulse-like]
RSN184_IMPVALL.H_H-EDA360,6.53,5.09,5.09,202.26,0.48135,40.94429,16.37471,0.08671,0.05943,8.13362,5.03736,2.12764,0.09059,2586.02809,1008.55468,0.43402,203.91034,188.52587,0.3988,35.86433,0.48342,0.36439,59.54711,3.55048,24.71695,0.45662,0.83113,1.4,30.0828,0.59843 [ambiguous]
RSN185_IMPVALL.H_H-HVP225,6.53,5.35,7.5,202.89,0.25815,53.13623,39.14822,0.20982,0.03895,10.07482,9.22341,0.88513,0.0473,3842.86553,798.24664,0.23938,98.87414,109.16547,0.20733,47.88256,0.2537,0.16625,60.50731,1.24311,15.09576,0.26532,0.61537,3.98,47.90308,0.87158 [pulse-like]
RSN185_IMPVALL.H_H-HVP315,6.53,5.35,7.5,202.89,0.22145,51.4598,35.83118,0.23688,0.03838,10.00186,9.08951,0.85957,0.04627,3788.91277,782.9193,0.24678,101.96674,112.59101,0.18424,27.55986,0.2154,0.15834,28.89216,1.3492,15.28666,0.26923,0.60004,3.98,51.505,0.79688 [pulse-like]
RSN285_ITALY_A-BAG000,6.9,8.14,8.18,649.67,0.12965,23.60446,13.13175,0.18559,0.02415,4.2846,3.04895,0.33142,0.02279,676.703,524.88741,0.11432,81.19356,80.65012,0.12556,13.83442,0.13199,0.10359,34.88792,0.57045,22.45746,0.18726,0.30174,1.28,23.4646,0.51456 [non pulse-like]
RSN285_ITALY_A-BAG270,6.9,8.14,8.18,649.67,0.18975,34.70761,13.74649,0.18646,0.02741,5.55796,2.58732,0.42689,0.02756,1138.69979,568.20361,0.12813,123.18218,120.13418,0.1486,20.38433,0.1847,0.12865,47.60107,0.44288,16.5093,0.26425,0.34916,2.22,32.9062,0.70314 [pulse-like]
RSN292_ITALY_A-STU000,6.9,6.78,10.84,382,0.22666,36.98175,13.12082,0.16632,0.04419,7.08178,3.32522,1.18373,0.05826,1972.88615,1027.38801,0.26235,132.15338,130.68515,0.21425,28.38129,0.22613,0.17113,58.10713,1.5147,27.90175,0.30746,0.82448,2.98,19.82781,0.66312 [pulse-like]
RSN292_ITALY_A-STU270,6.9,6.78,10.84,382,0.32052,71.95585,29.3254,0.22884,0.04795,11.02206,6.57361,1.39347,0.06585,4779.05311,1054.20388,0.34039,161.86375,172.28661,0.28239,43.89568,0.31762,0.2234,66.54294,1.80447,14.71161,0.40159,0.84955,3.06,55.74646,0.87051 [pulse-like]
RSN316_WESMORL_PTS225,5.9,16.54,16.66,348.69,0.23208,55.58173,37.09746,0.24413,0.03327,9.2171,10.14615,0.71103,0.03918,3541.77318,804.93917,0.20673,119.16125,124.24185,0.16653,41.47266,0.22816,0.14482,63.60143,0.75628,14.56482,0.28352,0.56789,3.98,47.85695,0.86477 [pulse-like]
RSN316_WESMORL_PTS315,5.9,16.54,16.66,348.69,0.14886,32.70773,21.86782,0.22398,0.02767,5.94224,5.03854,0.49172,0.02971,1472.08341,677.48767,0.16413,96.89427,101.89117,0.14169,24.91671,0.14905,0.11938,57.6245,0.52424,20.87998,0.23586,0.44112,3.98,32.5855,0.72745 [pulse-like]
RSN451_MORGAN_CYC195,5.9,0.18,0.53,561.43,0.71338,52.90326,12.75594,0.07559,0.07906,6.66291,2.11483,2.88881,0.12175,1331.38662,934.45028,0.60389,199.76155,159.76043,0.5471,31.12626,0.66373,0.50151,72.926,6.00506,17.69434,0.38303,0.8212,0.72,84.72244,0.68292 [pulse-like]
RSN451_MORGAN_CYC285,5.9,0.18,0.53,561.43,1.30291,78.44458,14.56081,0.06137,0.09133,9.23121,2.74006,3.85456,0.15115,2555.60696,1047.66968,0.67224,295.86817,240.48661,0.48362,39.15324,1.24445,1.00846,132.9412,5.58755,13.3844,0.57652,0.92014,0.82,70.92087,0.87109 [pulse-like]
RSN459_MORGAN_G06000,5.9,9.85,9.87,663.31,0.22289,11.19836,2.13972,0.05121,0.02874,2.02121,0.55561,0.38181,0.02669,122.51744,367.80125,0.20677,48.71529,40.43783,0.201,8.88138,0.22163,0.17341,20.1729,0.84925,33.4562,0.09661,0.2565,0.76,14.79654,0.57436 [ambiguous]
RSN459_MORGAN_G06090,5.9,9.85,9.87,663.31,0.29226,36.49285,5.9458,0.12728,0.04348,5.08674,1.06659,0.87381,0.04966,775.98957,605.7096,0.29162,150.62289,128.64404,0.2202,19.34733,0.29243,0.2189,59.77067,1.08331,16.74111,0.29097,0.48446,1.16,34.41652,0.80668 [pulse-like]
RSN566_GREECE_K-KAL-NS,5.4,4,5.6,382.21,0.16137,12.79106,1.31041,0.0808,0.02121,1.71177,0.26412,0.10536,0.01204,44.51498,150.01374,0.14544,37.72994,31.36816,0.09095,5.98091,0.161,0.1341,18.77946,0.14309,12.00686,0.07678,0,0.56,13.02914,0.75696 [pulse-like]
RSN566_GREECE_K-KAL-WE,5.4,4,5.6,382.21,0.26281,24.5829,3.77183,0.09535,0.03547,3.36615,0.61278,0.29475,0.02605,172.30355,214.22678,0.22333,79.93928,58.67903,0.14729,9.53939,0.26308,0.23022,42.16213,0.30768,8.84532,0.13382,0,0.7,36.23773,0.87666 [pulse-like]
RSN568_SANSALV_GIC090,5.8,2.14,6.3,489.34,0.70423,79.92414,12.58657,0.11569,0.1335,15.73891,3.84891,2.48531,0.14673,2241.80532,720.47335,0.59361,246.86098,222.92344,0.48306,28.97388,0.6851,0.52606,91.64946,2.78271,9.00636,0.56231,0.70386,2.02,145.13967,0.73016 [pulse-like]
RSN568_SANSALV_GIC180,5.8,2.14,6.3,489.34,0.42083,62.28981,13.08726,0.15088,0.11025,14.45907,3.64578,1.68955,0.10995,1885.76316,582.13891,0.38065,214.23196,205.41589,0.3384,42.05846,0.42176,0.35392,104.34991,1.3566,9.3415,0.48096,0.54301,0.72,77.06071,0.63785 [ambiguous]
RSN569_SANSALV_NGI180,5.8,3.71,6.99,455.93,0.40397,56.3795,19.6391,0.14227,0.05916,10.74882,3.55845,1.09285,0.06477,2341.36029,585.50321,0.26404,220.59763,214.59677,0.24079,32.98237,0.40242,0.32358,93.25231,0.64069,10.41908,0.48952,0.48841,2.2,45.71791,0.77666 [pulse-like]
RSN569_SANSALV_NGI270,5.8,3.71,6.99,455.93,0.53443,72.99353,11.37884,0.13923,0.08486,9.82734,1.78254,2.24763,0.11125,1956.16112,789.06359,0.43701,239.17567,198.14372,0.49684,29.11071,0.53601,0.46068,115.70197,1.61791,10.82954,0.42991,0.68791,0.84,64.27125,0.84647 [pulse-like]
RSN722_SUPER.B_B-KRN270,6.54,18.48,18.48,266.01,0.11387,18.26116,8.08645,0.16347,0.02997,4.92524,1.84748,0.30507,0.02436,534.64612,470.94265,0.10176,80.43598,79.9321,0.10426,15.80251,0.11095,0.0813,32.28662,0.38721,25.67324,0.17948,0.35578,2.12,20.81063,0.68353 [pulse-like]
RSN722_SUPER.B_B-KRN360,6.54,18.48,18.48,266.01,0.139,29.60652,7.93445,0.21712,0.02979,4.99828,1.8084,0.30054,0.02411,548.87246,434.80723,0.10408,99.8381,94.6039,0.08995,10.65155,0.13878,0.10342,47.06806,0.3025,14.66324,0.20679,0.31437,2.12,49.16544,0.81464 [pulse-like]
RSN723_SUPER.B_B-PTS225,6.54,0.95,0.95,348.69,0.43182,134.28867,46.17529,0.31701,0.10424,25.13901,14.49082,3.74086,0.15908,14118.20624,1522.47749,0.32584,407.35854,411.31006,0.38862,51.68491,0.42983,0.31523,176.59239,2.95275,11.30833,0.83361,1.48332,2.4,131.32121,0.82112 [pulse-like]
RSN723_SUPER.B_B-PTS315,6.54,0.95,0.95,348.69,0.38427,53.05786,17.81619,0.14075,0.07039,11.20014,5.41981,1.7025,0.08819,2797.38065,1013.32863,0.30912,173.98351,167.31978,0.35032,27.64539,0.36728,0.26937,67.83763,2.40971,19.02922,0.39833,0.95444,2.88,32.27682,0.64298 [ambiguous]
RSN764_LOMAP_GOF160,6.93,10.27,10.97,308.55,0.28527,43.39235,9.8592,0.15506,0.0342,5.251,1.47592,0.72069,0.03999,1102.64257,630.58794,0.26046,151.99464,145.09102,0.16765,25.16823,0.28582,0.22251,79.05425,0.61733,14.69327,0.33364,0.45269,1.44,36.14812,0.81108 [pulse-like]
RSN764_LOMAP_GOF250,6.93,10.27,10.97,308.55,0.24194,23.73824,3.81129,0.10001,0.02845,3.31109,1.02649,0.49864,0.03034,438.42256,573.53096,0.20072,93.38177,80.42911,0.18126,14.39565,0.24166,0.1771,28.83941,0.57054,24.46379,0.19593,0.38454,1.32,15.045,0.62110 [ambiguous]
RSN766_LOMAP_G02000,6.93,10.38,11.07,270.84,0.36973,34.75738,9.50966,0.09583,0.04424,4.87093,1.92036,1.20573,0.05883,948.68423,820.97877,0.35621,139.66316,120.9317,0.27829,21.52616,0.3667,0.25733,51.53366,1.5222,23.75685,0.29522,0.62125,1.54,18.06121,0.55911 [ambiguous]
RSN766_LOMAP_G02090,6.93,10.38,11.07,270.84,0.32272,40.37111,18.45622,0.12752,0.04468,6.82697,3.30275,1.23021,0.05973,1863.60318,853.71566,0.34155,202.30253,185.11913,0.25602,38.47009,0.32004,0.25172,61.58665,1.38093,21.24763,0.42051,0.66286,1.48,31.59807,0.83406 [pulse-like]
RSN767_LOMAP_G03000,6.93,12.23,12.82,349.85,0.55912,36.30584,10.84084,0.06619,0.05831,4.88236,2.44063,2.09493,0.08904,953.02028,1000.34403,0.55948,116.88568,95.64765,0.45878,22.05745,0.53944,0.40816,53.71697,4.40333,27.64714,0.23944,0.79365,3.98,15.63262,0.41737 [non pulse-like]
RSN767_LOMAP_G03090,6.93,12.23,12.82,349.85,0.36823,45.42681,24.1052,0.12576,0.04697,6.97595,4.16034,1.35941,0.06437,1945.82449,940.9559,0.34017,170.97283,166.24513,0.30145,34.7685,0.36449,0.26291,46.54074,2.42398,20.75201,0.40348,0.75065,2.24,43.64756,0.76584 [pulse-like]
RSN802_LOMAP_STG000,6.93,7.58,8.5,380.89,0.51446,41.57918,16.32656,0.08239,0.0487,7.27214,3.37789,1.46159,0.06797,2114.82968,915.62574,0.30369,192.0963,176.6331,0.30789,28.72009,0.51181,0.35703,59.1514,2.52394,22.10592,0.43132,0.71649,1.8,40.97426,0.62319 [ambiguous]
RSN802_LOMAP_STG090,6.93,7.58,8.5,380.89,0.32623,45.97287,33.33028,0.14365,0.04224,9.02949,7.91982,1.0995,0.0549,3260.45576,812.93767,0.29499,117.67471,111.54538,0.2609,39.69241,0.32608,0.23391,38.50082,1.93924,17.76149,0.27975,0.61487,3.98,36.77809,0.78443 [pulse-like]
RSN803_LOMAP_WVC000,6.93,8.48,9.31,347.9,0.2575,42.06344,24.26897,0.16652,0.04203,7.94827,4.83967,1.08828,0.05448,2526.0493,894.35484,0.24701,175.97246,167.98146,0.22878,30.31639,0.25461,0.18308,67.43062,1.04299,21.36203,0.37971,0.69267,2.16,63.85445,0.63369 [ambiguous]
RSN803_LOMAP_WVC270,6.93,8.48,9.31,347.9,0.33123,64.9141,37.85229,0.19978,0.04511,12.54347,10.20048,1.25388,0.06059,6291.18976,893.49436,0.24026,193.506,182.14029,0.2513,46.59478,0.32995,0.23848,68.59595,0.96625,13.84687,0.41251,0.68885,3.98,49.24419,0.71250 [pulse-like]
RSN828_CAPEMEND_PET000,7.01,0,8.18,422.17,0.59079,49.32701,16.61357,0.08511,0.07847,8.24319,3.43325,3.41394,0.13185,2444.8478,1516.5611,0.36331,198.09157,161.13777,0.42465,26.29393,0.59554,0.43009,84.43416,4.98493,29.57115,0.37988,1.40606,0.76,43.24605,0.62737 [ambiguous]
RSN828_CAPEMEND_PET090,7.01,0,8.18,422.17,0.66156,88.5119,33.22596,0.13638,0.08301,11.80606,5.37365,3.82076,0.14347,5015.00341,1453.77203,0.43289,319.2887,287.22779,0.27478,27.9949,0.66288,0.51007,124.91818,3.73316,15.83666,0.68008,1.33341,2.8,69.89587,0.71407 [pulse-like]
RSN838_LANDERS_BRS000,7.28,34.86,34.86,370.08,0.13046,20.4474,14.65034,0.15977,0.01836,5.03456,5.13753,0.20763,0.01573,1013.3633,480.17903,0.09327,58.10254,52.88397,0.09991,15.30781,0.1301,0.08819,21.40272,0.25098,23.0749,0.1265,0.21459,3.2,8.72454,0.38259 [non pulse-like]
RSN838_LANDERS_BRS090,7.28,34.86,34.86,370.08,0.13545,25.04173,17.47605,0.18846,0.01882,5.49172,5.56043,0.21824,0.01633,1205.75639,468.88361,0.08581,57.60074,58.09979,0.07999,13.96342,0.13509,0.07978,24.83535,0.22389,18.41434,0.13706,0.23987,3.92,24.75573,0.52089 [non pulse-like]
RSN879_LANDERS_LCN260,7.28,2.19,2.19,1369,0.72516,133.40206,113.92575,0.18752,0.09697,20.42557,28.76456,6.97213,0.20946,20075.85044,2508.6309,0.40853,183.78947,209.78721,0.6316,72.14486,0.65144,0.44598,62.0212,38.74599,18.31858,0.52402,2.36754,3.98,109.22981,0.83142 [pulse-like]
RSN879_LANDERS_LCN345,7.28,2.19,2.19,1369,0.78876,28.10653,25.53794,0.03632,0.09421,5.59214,7.59941,6.58104,0.20058,1504.8089,2470.75758,0.37544,105.60373,93.76255,0.63058,26.08396,0.69313,0.46221,31.67379,37.75474,85.79342,0.26196,2.34632,3.98,20.56755,0.68173 [pulse-like]
RSN900_LANDERS_YER270,7.28,23.62,23.62,353.63,0.24452,51.12484,41.71646,0.21313,0.03691,10.68841,11.35415,0.92334,0.04703,5024.36632,964.55407,0.17705,150.4239,149.36514,0.15254,33.62804,0.24364,0.17239,66.88128,0.87356,18.4589,0.32873,0.7572,1.38,121.84614,0.42190 [non pulse-like]
RSN900_LANDERS_YER360,7.28,23.62,23.62,353.63,0.15176,29.08987,23.14655,0.1954,0.0316,6.89179,6.69654,0.67667,0.03725,2088.90495,872.20364,0.17442,94.59072,91.27607,0.14703,21.70417,0.21501,0.11488,40.10944,0.9047,28.95932,0.21078,0.66041,3.98,18.87636,0.57675 [ambiguous]
RSN982_NORTHR_JEN022,6.69,0,5.43,373.07,0.41053,111.47077,44.6365,0.27679,0.07636,19.99278,10.52989,2.56962,0.11284,11431.74178,1278.02309,0.29201,282.73937,302.57476,0.31081,67.95369,0.408,0.27916,124.85118,1.50789,11.48617,0.64117,1.17947,2.88,66.26151,0.82256 [pulse-like]
RSN982_NORTHR_JEN292,6.69,0,5.43,373.07,0.61709,97.36168,23.43893,0.16083,0.10928,19.34418,6.01275,5.26168,0.19317,10700.17426,1598.27786,0.42376,477.39434,447.68253,0.45483,77.38938,0.61684,0.47886,178.22671,3.03014,16.43548,0.95925,1.47897,1.84,146.50141,0.67585 [pulse-like]
RSN983_NORTHR_JGB022,6.69,0,5.43,525.79,0.57121,76.13369,41.90093,0.13587,0.08572,16.30984,8.59889,3.24162,0.13428,7615.88961,1272.8274,0.50048,244.67566,245.11378,0.42247,64.82695,0.57101,0.40213,107.66735,4.16918,16.73162,0.57749,1.14668,2.94,68.17123,0.83171 [pulse-like]
RSN983_NORTHR_JGB292,6.69,0,5.43,525.79,0.99495,67.34931,24.33174,0.069,0.12157,14.26081,4.66768,6.52063,0.22681,5822.49936,1643.89597,0.90266,375.5302,339.17556,0.64909,56.29273,0.9573,0.72631,100.79983,8.70439,24.40405,0.84842,1.52915,1.96,148.05169,0.63043 [ambiguous]
RSN1004_NORTHR_SPV270,6.69,0,8.44,380.06,0.75251,77.67342,11.84295,0.10522,0.08002,9.29432,2.59244,4.71452,0.15647,4127.44545,1673.45559,0.52313,318.14677,262.54971,0.50556,41.75765,0.75235,0.57718,151.58944,6.03597,21.59543,0.61568,1.45924,1,76.65924,0.71720 [pulse-like]
RSN1004_NORTHR_SPV360,6.69,0,8.44,380.06,0.93201,76.26902,17.67366,0.08342,0.09742,9.93022,3.73356,6.98912,0.2102,4712.5371,1979.25659,0.83545,250.379,227.41087,0.59366,47.5194,0.88867,0.62258,98.33914,11.15685,25.97533,0.57031,1.78164,2.94,39.5178,0.59887 [ambiguous]
RSN1013_NORTHR_LDM064,6.69,0,5.92,628.99,0.42631,74.84108,19.06349,0.17896,0.06562,11.93834,5.29184,1.76275,0.08664,3786.86468,885.1697,0.31352,241.97193,246.62047,0.31125,25.96439,0.42333,0.29713,99.67358,1.87608,11.84307,0.56088,0.76629,2.08,92.89183,0.65819 [pulse-like]
RSN1013_NORTHR_LDM334,6.69,0,5.92,628.99,0.32419,47.37683,24.57111,0.14897,0.05782,10.47977,4.96897,1.36901,0.07167,2918.06401,797.37923,0.31355,181.44283,175.63539,0.27363,32.28845,0.31841,0.22985,72.52276,1.58017,16.86267,0.4127,0.66829,2.6,31.96949,0.72946 [pulse-like]
RSN1044_NORTHR_NWH090,6.69,3.16,5.92,269.14,0.58299,74.89344,17.55551,0.13095,0.08413,9.46881,3.45308,4.36004,0.15428,3584.54342,1454.58225,0.63931,240.56103,236.47076,0.51494,42.11385,0.56566,0.4798,102.86116,5.46257,19.12417,0.58245,1.30075,1.3,30.69752,0.52180 [non pulse-like]
RSN1044_NORTHR_NWH360,6.69,3.16,5.92,269.14,0.59041,96.5926,34.34676,0.16677,0.0959,13.65128,5.84051,5.66647,0.18779,7450.57116,1615.14993,0.58507,398.5929,350.58975,0.51123,38.96601,0.57378,0.48532,152.54542,5.50631,16.52865,0.80664,1.44346,1.28,64.27918,0.55952 [ambiguous]
RSN1045_NORTHR_WPI046,6.69,2.11,5.48,285.93,0.41938,118.17782,42.53471,0.28725,0.06333,19.3657,11.0874,1.54406,0.07966,9368.25562,770.987,0.2539,317.38677,332.49389,0.22298,29.76255,0.41913,0.35983,178.7773,0.66217,6.53641,0.67703,0.64489,3.1,174.05691,0.91371 [pulse-like]
RSN1045_NORTHR_WPI316,6.69,2.11,5.48,285.93,0.35706,59.22921,16.03937,0.16909,0.05029,12.09496,5.69967,0.97347,0.05636,3654.2736,698.90908,0.25555,213.15853,220.73636,0.15192,34.2013,0.35752,0.30779,93.43056,0.51461,11.81986,0.4844,0.5608,2.56,115.65018,0.73263 [pulse-like]
RSN1050_NORTHR_PAC175,6.69,4.92,7.01,2016.13,0.41579,44.28573,5.00934,0.10857,0.05511,5.16326,1.65657,0.93507,0.05783,532.65245,461.78571,0.39795,122.89869,89.74125,0.11321,13.62148,0.40195,0.33097,62.90207,1.18507,9.7929,0.21976,0.38031,3.26,330.20775,0.67629 [pulse-like]
RSN1050_NORTHR_PAC265,6.69,4.92,7.01,2016.13,0.43386,30.11124,5.42027,0.07075,0.04874,4.94542,1.42976,0.73137,0.0481,488.65422,431.2776,0.34278,102.53601,93.14418,0.08197,11.42785,0.41361,0.33624,41.4174,0.90083,13.61381,0.23108,0.34588,3.36,92.88093,0.62770 [ambiguous]
RSN1051_NORTHR_PUL104,6.69,4.92,7.01,2016.13,1.58495,54.88098,5.51607,0.0353,0.11909,7.16587,1.11563,8.7367,0.25984,2052.9613,1847.76507,1.07415,230.01466,175.52863,0.56476,39.50965,1.37418,1.05874,98.80522,17.34528,32.28196,0.40062,1.74647,0.56,58.98484,0.57410 [ambiguous]
RSN1051_NORTHR_PUL194,6.69,4.92,7.01,2016.13,1.28501,103.38479,22.19553,0.08201,0.11813,10.63592,3.24393,8.59658,0.25671,4522.64579,1843.54749,0.90181,333.96651,282.33861,0.50331,34.40161,1.3484,1.01901,161.35985,13.42345,17.23336,0.70264,1.73644,0.94,119.76948,0.76724 [pulse-like]
RSN1052_NORTHR_PKC090,6.69,5.26,7.26,508.08,0.30132,30.80537,10.78969,0.10422,0.05106,7.12259,2.98321,1.60626,0.07296,2028.23854,1063.71022,0.26573,141.05167,126.90616,0.26088,27.47397,0.30195,0.2281,49.42108,1.56339,34.29458,0.29372,0.87216,3.66,19.74399,0.57681 [ambiguous]
RSN1052_NORTHR_PKC360,6.69,5.26,7.26,508.08,0.43282,51.38414,7.21912,0.12102,0.05396,6.72609,1.97658,1.79371,0.07925,1808.70659,1036.76021,0.33135,171.74037,155.66954,0.24688,21.90647,0.43268,0.34453,75.6652,1.83604,19.96884,0.37158,0.86343,2,135.37698,0.54085 [non pulse-like]
RSN1054_NORTHR_PAR--L,6.69,5.54,7.46,325.67,0.55745,76.07347,14.44523,0.13911,0.09596,15.45102,3.15039,3.1388,0.13981,5280.79504,1129.98684,0.3079,343.29132,307.03013,0.46617,59.98479,0.54681,0.42255,136.36404,2.09092,14.83935,0.62417,1.05498,1.22,67.67405,0.84895 [pulse-like]
RSN1054_NORTHR_PAR--T,6.69,5.54,7.46,325.67,0.3023,54.03409,11.0662,0.1822,0.07098,13.05088,3.40274,1.71732,0.08894,3767.60175,953.50798,0.2545,273.12683,268.19397,0.26546,35.78215,0.29914,0.23066,85.72314,1.19674,17.62786,0.56699,0.86473,1.68,44.38627,0.79406 [pulse-like]
RSN1063_NORTHR_RRS228,6.69,0,6.5,282.25,0.87406,147.99824,41.88177,0.1726,0.15653,23.27791,8.26213,7.51297,0.27625,10783.03606,1789.42436,0.67115,503.20728,458.14779,0.55468,54.95616,0.86944,0.71236,245.34919,7.00424,12.002,1.04783,1.77297,1.14,164.44127,0.82380 [pulse-like]
RSN1063_NORTHR_RRS318,6.69,0,6.5,282.25,0.47235,74.77061,23.09956,0.16136,0.11776,16.90567,7.13229,4.25241,0.18027,5687.45466,1505.3136,0.54425,293.29125,291.66435,0.42695,52.64378,0.48198,0.34576,117.82863,7.40312,19.83984,0.68284,1.47634,2.38,46.08359,0.76358 [pulse-like]
RSN1084_NORTHR_SCS052,6.69,0,5.35,251.24,0.623,116.25295,39.44285,0.19022,0.09431,20.80445,8.58096,6.01173,0.19182,18983.71272,2109.94813,0.3881,419.65962,402.53287,0.52321,80.2045,0.61104,0.44357,159.02524,3.38276,18.17214,0.87314,1.90088,2.92,83.83773,0.73776 [pulse-like]
RSN1084_NORTHR_SCS142,6.69,0,5.35,251.24,0.92344,88.52998,22.19596,0.09773,0.08999,15.63065,4.19326,5.47369,0.17879,10715.75589,1686.83907,0.53405,502.14705,467.65714,0.47391,82.15765,0.93356,0.68427,170.69732,3.45621,19.0949,1.04182,1.44276,1.64,77.52788,0.71116 [pulse-like]
RSN1085_NORTHR_SCE011,6.69,0,5.19,370.52,0.8527,120.97342,34.02774,0.14462,0.07561,12.70048,6.38823,4.81741,0.15375,8820.81538,1564.41164,0.59258,321.02446,315.11738,0.43562,52.73646,0.84195,0.64379,146.03161,5.27897,12.98474,0.76939,1.34364,3.06,94.14473,0.67888 [pulse-like]
RSN1085_NORTHR_SCE281,6.69,0,5.19,370.52,0.44861,60.41252,18.80396,0.13727,0.0528,8.34239,2.85002,2.34927,0.08972,3805.83219,1168.08617,0.3561,293.08498,260.92704,0.35253,46.4206,0.44387,0.31313,101.42257,3.2095,19.45715,0.59356,0.92,2.44,59.21395,0.72875 [pulse-like]
RSN1086_NORTHR_SYL090,6.69,1.74,5.3,440.54,0.60488,77.54948,16.00316,0.13069,0.06502,10.59507,3.82789,2.60481,0.10484,4487.97935,1163.84534,0.41778,259.37705,261.23049,0.35038,49.38827,0.59329,0.41676,107.85157,2.2898,14.76461,0.61163,0.98951,2.52,47.55849,0.73233 [pulse-like]
RSN1086_NORTHR_SYL360,6.69,1.74,5.3,440.54,0.84336,129.37195,32.14453,0.15637,0.0902,14.64229,5.54569,5.01213,0.17128,8571.58221,1414.10386,0.82201,389.53215,388.40183,0.28418,42.47524,0.86453,0.62661,149.12383,5.47756,10.72023,0.92869,1.26471,2.58,176.61314,0.79910 [pulse-like]
RSN1106_KOBE_KJM000,6.9,0.94,0.96,312,0.83423,91.10544,21.11024,0.11132,0.06026,7.1169,1.94269,8.39312,0.18117,7596.5365,2172.72579,0.723,411.30084,363.10531,0.64112,53.67344,0.8331,0.62651,155.16173,8.79338,24.31729,0.83754,1.9553,1.5,272.04484,0.56045 [ambiguous]
RSN1106_KOBE_KJM090,6.9,0.94,0.96,312,0.62966,76.10929,18.32548,0.12322,0.0485,5.81424,1.77706,5.43643,0.13081,5070.13682,1865.28789,0.53885,293.91873,260.85671,0.54913,39.07789,0.6216,0.49113,134.49523,5.54273,25.13817,0.57933,1.63637,0.82,75.42895,0.68649 [pulse-like]
RSN1114_KOBE_PRI000,6.9,3.31,3.31,198,0.34786,90.67159,39.30864,0.26571,0.05224,15.13494,8.16087,1.76593,0.07738,9618.50235,1001.89728,0.19533,317.67292,335.20377,0.22669,58.3278,0.34736,0.2515,154.4214,0.68226,11.1144,0.6382,0.84726,1.94,93.73566,0.73266 [pulse-like]
RSN1114_KOBE_PRI090,6.9,3.31,3.31,198,0.28977,51.13938,30.72288,0.1799,0.04074,10.96565,6.29359,1.07389,0.05328,5049.10887,835.60405,0.18815,197.0513,206.51581,0.18669,49.64668,0.28778,0.24341,100.07839,0.53353,16.46814,0.43246,0.65414,3.98,129.33517,0.65692 [pulse-like]
RSN1119_KOBE_TAZ000,6.9,0,0.27,312,0.69735,68.40568,26.67269,0.09999,0.06975,11.07399,4.06134,3.07018,0.11789,5021.82735,1091.88587,0.51086,317.38846,315.29432,0.4452,51.81113,0.69732,0.54393,108.88147,3.28757,15.9941,0.7436,0.95032,1.74,41.29948,0.72441 [pulse-like]
RSN1119_KOBE_TAZ090,6.9,0,0.27,312,0.61386,86.25437,20.84008,0.14323,0.07897,9.81179,2.72326,3.93529,0.14201,3942.30808,1143.03741,0.69444,325.51184,292.01584,0.54004,51.24092,0.61824,0.49539,97.22566,4.34243,13.26974,0.70081,0.98444,1.7,65.40113,0.81141 [pulse-like]
RSN1120_KOBE_TAK000,6.9,1.46,1.47,256,0.61771,120.67639,39.94844,0.19914,0.1174,24.05185,7.7695,8.69662,0.2574,23689.22842,2447.35805,0.54108,580.12963,584.47782,0.51177,65.10035,0.61311,0.46328,235.2228,4.89581,20.27096,1.20819,2.28153,1.98,296.12609,0.67819 [pulse-like]
RSN1120_KOBE_TAK090,6.9,1.46,1.47,256,0.67106,122.96367,29.62124,0.18679,0.11351,21.17864,7.07018,8.12996,0.24472,18367.50241,2236.51057,0.71975,509.01359,517.27069,0.61355,82.96798,0.65869,0.48115,207.54005,7.19531,18.17807,1.12463,2.05786,1.26,155.98349,0.59648 [ambiguous]
RSN1148_KOCAELI_ARE000,7.51,10.56,13.49,523,0.21008,13.95359,14.2386,0.06771,0.025,3.89325,5.04171,0.28888,0.02165,454.6461,410.65812,0.13369,41.19786,35.55548,0.13062,12.79931,0.20727,0.1395,13.29189,0.77914,29.65843,0.09395,0.24561,3.52,14.56923,0.58309 [ambiguous]
RSN1148_KOCAELI_ARE090,7.51,10.56,13.49,523,0.1342,40.06691,37.09165,0.30435,0.02164,10.20563,12.98965,0.21646,0.01744,3124.1252,356.65996,0.11079,49.63818,50.79615,0.11887,30.58632,0.13061,0.09501,27.60062,0.36358,9.02838,0.12532,0.22383,3.98,27.28199,0.66327 [pulse-like]
RSN1161_KOCAELI_GBZ000,7.51,7.57,10.92,792,0.26076,44.62618,41.16381,0.17446,0.03568,12.32123,14.49962,0.5492,0.03566,4249.99533,524.18207,0.18469,73.83563,77.29123,0.13873,43.63435,0.25869,0.18462,40.59452,0.66453,11.824,0.19182,0.3929,3.98,42.02582,0.78981 [pulse-like]
RSN1161_KOCAELI_GBZ270,7.51,7.57,10.92,792,0.14379,32.64249,29.7673,0.23141,0.02719,8.69073,9.45776,0.31899,0.02373,2114.42617,447.24691,0.14891,61.89333,59.25338,0.12543,30.67544,0.14392,0.10756,32.27259,0.46019,13.77478,0.14709,0.29478,3.98,29.21282,0.74475 [pulse-like]
RSN1165_KOCAELI_IZT090,7.51,3.62,7.21,811,0.23017,38.29025,24.29088,0.16958,0.04197,7.44541,5.32385,0.81424,0.04709,1662.74505,778.79275,0.23193,114.78174,105.9998,0.18676,21.16629,0.22854,0.15675,36.50139,1.1015,20.36609,0.25393,0.61218,3.98,44.46864,0.80160 [pulse-like]
RSN1165_KOCAELI_IZT180,7.51,3.62,7.21,811,0.16515,22.33049,11.84235,0.13784,0.03486,5.37405,3.57252,0.56168,0.03565,866.26703,680.51826,0.16291,92.25306,89.5555,0.1388,19.56038,0.16376,0.10751,29.69044,0.79019,30.51861,0.21189,0.50935,3.88,58.64839,0.56475 [ambiguous]
RSN1176_KOCAELI_YPT060,7.51,1.38,4.83,297,0.22675,69.71729,62.32666,0.31341,0.04966,20.19568,19.0444,1.32962,0.06546,14273.25795,1064.99729,0.2164,150.40394,155.52584,0.19411,64.2949,0.2273,0.15465,99.65097,0.88806,15.32465,0.35269,0.91252,3.98,68.9155,0.75434 [pulse-like]
RSN1176_KOCAELI_YPT150,7.51,1.38,4.83,297,0.3218,71.88916,47.32758,0.22772,0.04954,17.20828,15.41949,1.32336,0.06523,10362.89411,1032.93262,0.21643,169.1038,175.0514,0.22519,54.38058,0.31645,0.20081,96.13634,0.80734,14.42337,0.38992,0.8914,3.94,48.09034,0.69386 [pulse-like]
RSN1182_CHICHI_CHY006-N,7.62,9.76,9.76,438.19,0.35869,42.33273,17.0026,0.12031,0.02545,5.05632,3.53969,1.49741,0.04973,3834.85423,1501.46745,0.28032,181.65997,176.40651,0.2733,34.33969,0.34846,0.25503,80.76786,1.09295,36.64213,0.39864,0.91693,1,31.72083,0.46112 [non pulse-like]
RSN1182_CHICHI_CHY006-W,7.62,9.76,9.76,438.19,0.35505,60.25173,23.49653,0.17299,0.02966,6.03122,3.41426,2.03391,0.06257,5456.20157,1696.07086,0.3061,238.08307,222.18211,0.28796,47.80575,0.35254,0.25563,78.84962,1.61287,29.01099,0.49249,1.19569,1.92,59.03208,0.59095 [ambiguous]
RSN1193_CHICHI_CHY024-E,7.62,9.62,9.62,427.73,0.28177,51.13605,53.75679,0.185,0.0363,9.25826,10.14176,1.82744,0.06561,7713.96329,1649.26112,0.2516,147.46362,152.90876,0.20331,40.17222,0.27996,0.18597,80.01909,1.96376,32.74454,0.35182,1.31245,3.98,50.28769,0.65071 [pulse-like]
RSN1193_CHICHI_CHY024-N,7.62,9.62,9.62,427.73,0.16548,43.52613,29.82851,0.26812,0.02935,8.86849,7.47345,1.19429,0.04769,7078.11755,1387.60701,0.1885,129.76389,133.46585,0.14989,42.50998,0.15898,0.11286,66.07748,1.44303,32.52195,0.288,1.05084,3.98,35.58928,0.61324 [ambiguous]
RSN1244_CHICHI_CHY101-E,7.62,9.94,9.94,258.89,0.33966,65.00001,34.93913,0.19508,0.0409,11.19551,8.08012,2.31948,0.07846,11279.92287,1946.63615,0.24,154.60433,162.39216,0.28032,50.55415,0.31685,0.20006,102.16867,2.58201,30.3132,0.37721,1.61108,3.42,47.64074,0.72044 [pulse-like]
RSN1244_CHICHI_CHY101-N,7.62,9.94,9.94,258.89,0.39805,109.21116,74.05349,0.27968,0.04649,16.90388,13.66294,2.99769,0.0951,25715.27882,2103.22744,0.30811,241.10052,262.08331,0.26201,83.8307,0.39788,0.25913,137.70271,2.40755,19.48361,0.57394,1.76514,3.98,73.63496,0.74611 [pulse-like]
RSN1402_CHICHI_NST-E,7.62,38.36,38.42,491.08,0.31213,20.8842,23.43472,0.0682,0.02779,4.44792,6.41474,0.71398,0.03588,1186.93848,708.16561,0.23247,62.936,54.79184,0.27787,20.4169,0.32318,0.23067,26.49068,2.05101,34.54856,0.14894,0.48458,1.98,32.95683,0.38013 [non pulse-like]
RSN1402_CHICHI_NST-N,7.62,38.36,38.42,491.08,0.39915,30.8529,16.86041,0.07879,0.02981,4.20366,4.58259,0.8213,0.03986,1060.15616,700.23156,0.25475,89.92559,78.4906,0.28153,17.2474,0.38313,0.27861,38.85769,1.73935,23.15141,0.2005,0.49041,0.78,52.07999,0.46795 [non pulse-like]
RSN1475_CHICHI_TCU026-E,7.62,56.03,56.12,569.98,0.11846,37.86816,44.30768,0.32587,0.01306,6.60177,10.19995,0.2364,0.01415,3922.2822,614.73249,0.07958,58.10089,64.19035,0.08845,23.92776,0.1173,0.07119,30.45201,0.21628,17.12771,0.14678,0.24469,3.1,36.78776,0.53767 [non pulse-like]
RSN1475_CHICHI_TCU026-N,7.62,56.03,56.12,569.98,0.09126,26.74498,31.07923,0.29872,0.01328,4.97219,5.98768,0.24446,0.01451,2224.9142,614.71433,0.08519,64.31601,67.67842,0.0734,23.41428,0.09041,0.05941,32.92555,0.20114,24.24672,0.15032,0.27912,3.14,26.11113,0.42916 [non pulse-like]
RSN1476_CHICHI_TCU029-E,7.62,28.04,28.04,406.53,0.15773,37.47339,33.85611,0.24218,0.02038,8.4758,11.35764,0.57599,0.0276,6465.17156,941.81444,0.13138,73.38933,73.73088,0.12326,29.55748,0.15377,0.09038,43.28499,0.61918,25.91277,0.17524,0.58646,3.84,35.88863,0.45369 [non pulse-like]
RSN1476_CHICHI_TCU029-N,7.62,28.04,28.04,406.53,0.19836,51.87407,37.66507,0.26659,0.02395,11.01919,8.98957,0.79552,0.03516,10927.41429,1086.29058,0.14621,81.55185,87.57764,0.13561,45.76902,0.19545,0.10513,101.49603,0.71247,21.50166,0.20441,0.75465,3.98,49.51035,0.81398 [pulse-like]
RSN1477_CHICHI_TCU031-E,7.62,30.17,30.17,489.22,0.11487,53.94672,51.83125,0.47874,0.0174,10.36564,13.11622,0.42001,0.02178,9669.64077,835.021,0.07446,60.47759,69.35563,0.07835,31.46264,0.11426,0.07041,86.80098,0.23261,16.07333,0.15038,0.48436,3.98,51.44333,0.64887 [ambiguous]
RSN1477_CHICHI_TCU031-N,7.62,30.17,30.17,489.22,0.12455,46.9756,28.12034,0.38448,0.02066,9.89979,8.64496,0.59168,0.02816,8820.04029,1069.78252,0.10374,83.85875,97.1208,0.10646,34.43102,0.12325,0.07635,59.95838,0.31022,23.41074,0.20067,0.69636,3.98,37.55414,0.59477 [ambiguous]
RSN1478_CHICHI_TCU033-E,7.62,40.88,40.88,423.4,0.15753,41.54735,49.3934,0.26884,0.02365,9.41479,12.0713,0.77589,0.03451,7977.00848,1091.09124,0.15448,101.32296,95.85138,0.12547,35.79602,0.1569,0.10712,59.98734,0.89841,27.00577,0.22137,0.75578,3.5,38.95389,0.41318 [non pulse-like]
RSN1478_CHICHI_TCU033-N,7.62,40.88,40.88,423.4,0.18533,24.014,18.98463,0.13208,0.02152,5.96409,5.06026,0.64244,0.02996,3201.15427,989.03237,0.16009,112.58739,112.15114,0.1232,22.75243,0.18695,0.11101,37.67791,0.72978,42.44773,0.23125,0.63588,2.2,21.96706,0.49683 [non pulse-like]
RSN1479_CHICHI_TCU034-E,7.62,35.68,35.68,393.77,0.25299,43.66093,42.84433,0.17592,0.02616,8.76769,11.22184,0.94877,0.04013,6918.13546,1047.65199,0.24813,104.52646,98.7985,0.17788,35.59981,0.25127,0.1905,40.36969,0.92327,24.67624,0.23386,0.72433,3.98,42.14054,0.50823 [non pulse-like]
RSN1479_CHICHI_TCU034-N,7.62,35.68,35.68,393.77,0.10543,24.26563,22.07443,0.23462,0.02027,5.57627,5.1307,0.56999,0.02738,2798.37333,965.06007,0.13168,106.34146,100.09892,0.10266,23.43542,0.10727,0.07707,36.3118,0.4753,40.98464,0.21401,0.60455,3.98,21.98393,0.53019 [non pulse-like]
RSN1480_CHICHI_TCU036-E,7.62,19.83,19.83,478.07,0.13676,57.55243,59.04143,0.42898,0.023,11.08863,14.26309,0.7339,0.0331,11065.57949,1068.59967,0.12135,93.12833,94.33551,0.12841,48.3905,0.13689,0.10038,44.9642,0.53805,19.10634,0.21141,0.73433,3.98,55.44837,0.65134 [pulse-like]
RSN1480_CHICHI_TCU036-N,7.62,19.83,19.83,478.07,0.12472,47.54016,51.82549,0.38857,0.02312,10.78629,10.53104,0.74133,0.03335,10470.38329,1119.2126,0.11789,92.79397,100.35077,0.1099,43.13713,0.12446,0.08206,63.46622,0.50281,24.18796,0.21512,0.78551,3.98,33.28162,0.57127 [ambiguous]
RSN1481_CHICHI_TCU038-E,7.62,25.42,25.42,297.86,0.14482,56.76904,44.81163,0.39958,0.02337,10.0394,12.87667,0.75764,0.0339,9070.54733,1127.09322,0.13547,76.33077,83.17506,0.12319,40.47754,0.14339,0.09515,55.66265,0.60159,20.35076,0.19207,0.78574,3.98,54.20901,0.54167 [non pulse-like]
RSN1481_CHICHI_TCU038-N,7.62,25.42,25.42,297.86,0.14417,38.77272,44.38827,0.27415,0.02731,8.80562,9.47157,1.0344,0.04282,6978.10972,1263.37393,0.17578,104.68303,99.90299,0.13877,36.10795,0.14315,0.10784,36.30261,0.92918,33.35755,0.22806,0.91706,3.98,30.0609,0.50974 [non pulse-like]
RSN1482_CHICHI_TCU039-E,7.62,19.89,19.89,540.66,0.19733,55.27938,62.65415,0.28556,0.02613,14.16519,17.31523,0.94716,0.04008,18057.73492,1253.30935,0.13053,126.99157,141.45866,0.14035,54.59734,0.19814,0.12215,70.16406,0.53289,23.18474,0.2919,0.91983,3.46,53.03644,0.39901 [non pulse-like]
RSN1482_CHICHI_TCU039-N,7.62,19.89,19.89,540.66,0.13867,56.57911,51.39953,0.41593,0.02457,9.58062,9.2165,0.83715,0.03653,8260.48581,1113.79826,0.13016,112.55122,114.79629,0.1362,44.75382,0.13816,0.10123,86.60843,0.71424,20.21487,0.2497,0.77199,3.98,43.92422,0.70266 [pulse-like]
RSN1483_CHICHI_TCU040-E,7.62,22.06,22.06,362.03,0.16203,56.80808,44.05393,0.3574,0.02165,9.22924,12.069,0.64981,0.03021,7665.67761,1012.94854,0.13742,79.25678,82.85706,0.11871,40.16142,0.16198,0.09624,47.33923,0.5406,18.34936,0.19258,0.64239,3.98,37.35189,0.70257 [pulse-like]
RSN1483_CHICHI_TCU040-N,7.62,22.06,22.06,362.03,0.12465,47.32421,55.39932,0.38701,0.01942,9.58435,11.06545,0.52315,0.02568,8266.92437,975.69564,0.09858,67.93172,72.38651,0.09655,39.64126,0.12307,0.07853,38.36005,0.33267,21.24997,0.16446,0.59941,3.72,37.16314,0.51797 [non pulse-like]
RSN1485_CHICHI_TCU045-E,7.62,26,26,704.64,0.47308,50.08359,39.30156,0.10792,0.03172,6.56764,9.00248,1.39559,0.0536,3881.83456,993.35226,0.43468,116.54269,107.61254,0.37158,36.15146,0.46,0.35623,60.43806,1.8694,20.50015,0.26055,0.72554,0.66,47.96393,0.31426 [non pulse-like]
RSN1485_CHICHI_TCU045-N,7.62,26,26,704.64,0.50682,46.37651,14.60345,0.09328,0.02913,3.89718,3.45128,1.17693,0.04717,1366.8446,904.26304,0.33337,148.66784,124.32719,0.22752,20.20591,0.46731,0.36948,65.78862,1.64713,20.20227,0.31166,0.62655,2.22,17.31441,0.32835 [non pulse-like]
RSN1486_CHICHI_TCU046-E,7.62,16.74,16.74,465.55,0.14228,29.03674,40.18428,0.20803,0.01816,7.05501,9.99491,0.43215,0.02257,4230.47146,735.07678,0.13483,60.21268,62.70295,0.12046,27.51016,0.14199,0.09547,33.54095,0.57242,26.37165,0.152,0.44056,3.98,24.21276,0.51361 [non pulse-like]
RSN1486_CHICHI_TCU046-N,7.62,16.74,16.74,465.55,0.11905,26.27509,23.38458,0.22499,0.01634,4.65108,4.29244,0.34967,0.01926,1838.65598,661.8882,0.11604,53.46922,56.74143,0.0984,22.21904,0.11876,0.08107,37.03883,0.4674,26.34714,0.13519,0.38909,3.98,25.81636,0.79773 [pulse-like]
RSN1487_CHICHI_TCU047-E,7.62,35,35,520.37,0.29783,41.98206,39.70609,0.14369,0.03237,7.52335,9.52844,1.45302,0.05525,5093.78629,1203.27042,0.23382,160.7155,140.60582,0.27614,35.59959,0.29451,0.21891,55.44792,1.64906,29.35114,0.31055,0.88487,1.12,34.79123,0.33922 [non pulse-like]
RSN1487_CHICHI_TCU047-N,7.62,35,35,520.37,0.40779,34.38642,25.29771,0.08596,0.03563,4.67555,5.23471,1.76016,0.06379,1967.3635,1280.29651,0.35741,129.52976,114.20638,0.36224,26.82312,0.40252,0.27444,61.25585,3.02117,38.05161,0.28988,0.96986,2.02,20.69866,0.27574 [non pulse-like]
RSN1489_CHICHI_TCU049-E,7.62,3.76,3.76,487.27,0.27873,53.5456,74.26431,0.19582,0.03117,9.15498,16.99348,1.34702,0.0522,7542.81577,1344.51708,0.21874,115.57291,108.96596,0.19281,46.31146,0.2794,0.16222,43.08609,2.01724,25.56168,0.26626,1.06779,3.18,51.08062,0.47079 [non pulse-like]
RSN1489_CHICHI_TCU049-N,7.62,3.76,3.76,487.27,0.24422,62.31547,49.47527,0.2601,0.03143,10.30861,13.73181,1.36967,0.05285,9563.53619,1377.67349,0.2277,106.56577,109.4877,0.21217,34.31086,0.23472,0.15239,48.3881,1.92018,22.53465,0.265,1.11256,3.98,38.62115,0.54519 [non pulse-like]
RSN1491_CHICHI_TCU051-E,7.62,7.64,7.64,350.06,0.16021,53.84242,73.89043,0.34259,0.02992,8.87169,14.70821,1.24166,0.0491,7083.23393,1419.07535,0.17874,108.3356,105.28891,0.15195,39.1455,0.16116,0.11343,41.90135,1.73007,26.8281,0.24543,1.10324,2.9,52.20058,0.47092 [non pulse-like]
RSN1491_CHICHI_TCU051-N,7.62,7.64,7.64,350.06,0.23532,41.75316,44.53338,0.18087,0.0292,10.08038,12.91847,1.18263,0.04734,9144.75504,1373.36469,0.17925,122.04329,119.2503,0.15747,34.28202,0.2334,0.13602,47.94944,1.36553,33.51572,0.27263,1.04292,3.94,40.09411,0.41063 [non pulse-like]
RSN1492_CHICHI_TCU052-E,7.62,0,0.66,579.1,0.35755,151.20861,210.4418,0.43109,0.04544,26.46945,42.88819,2.86347,0.09189,63053.35781,1803.4138,0.21005,324.09452,384.31713,0.27291,112.82225,0.35879,0.26888,260.36436,0.90237,12.08987,0.70745,1.46017,2.46,146.16951,0.48779 [non pulse-like]
RSN1492_CHICHI_TCU052-N,7.62,0,0.66,579.1,0.44691,172.33202,226.58103,0.39308,0.04593,29.94009,63.12554,2.92545,0.09338,80672.31836,1697.56442,0.27491,388.81629,421.92301,0.159,124.34027,0.44211,0.3477,197.02367,0.77107,9.98141,0.82184,1.34697,2.34,169.27929,0.50121 [non pulse-like]
RSN1493_CHICHI_TCU053-E,7.62,5.95,5.95,454.55,0.2294,39.59921,65.00904,0.17596,0.02601,7.78715,15.34196,0.93848,0.0398,5457.27662,1102.14797,0.22433,102.87421,93.0538,0.18139,37.73923,0.23165,0.15622,38.60375,0.95518,28.57512,0.22857,0.80225,3.16,38.96377,0.41792 [non pulse-like]
RSN1493_CHICHI_TCU053-N,7.62,5.95,5.95,454.55,0.13459,46.31838,49.41667,0.35082,0.02103,10.10388,12.93017,0.61333,0.02893,9187.43616,997.00636,0.11813,77.00125,82.12038,0.12969,38.92965,0.13568,0.0973,58.56991,0.49167,22.17641,0.18847,0.65167,3.98,33.28702,0.47893 [non pulse-like]
RSN1496_CHICHI_TCU056-E,7.62,10.48,10.48,403.2,0.15636,42.87892,54.91786,0.27954,0.02528,7.83723,11.97041,0.88654,0.03814,5527.68263,1225.81977,0.14342,103.6695,102.01907,0.11957,33.87396,0.15647,0.09257,33.83093,0.86578,29.22011,0.23108,0.91922,3.44,40.4749,0.43110 [non pulse-like]
RSN1496_CHICHI_TCU056-N,7.62,10.48,10.48,403.2,0.1431,39.56094,47.67371,0.28181,0.02448,10.56801,12.57174,0.83114,0.03634,10050.89108,1235.33746,0.12867,92.45119,95.05458,0.12856,36.12289,0.1421,0.09058,51.60477,0.64734,31.9021,0.2144,0.87801,3.84,39.33025,0.41700 [non pulse-like]
RSN1498_CHICHI_TCU059-E,7.62,17.11,17.11,272.67,0.16016,51.37951,46.98659,0.32702,0.03343,11.88666,13.84866,1.5502,0.058,12715.63223,1726.20381,0.14283,125.46557,127.98208,0.15338,46.72012,0.15994,0.11515,50.06072,1.06706,34.11442,0.27772,1.39152,3.1,50.92054,0.39055 [non pulse-like]
RSN1498_CHICHI_TCU059-N,7.62,17.11,17.11,272.67,0.16519,53.51476,45.08262,0.33023,0.03228,12.92795,14.71632,1.4448,0.05501,15041.04527,1656.81892,0.14808,143.27408,142.93205,0.12059,48.50431,0.16514,0.10358,61.69978,0.99737,31.46307,0.29607,1.33538,3.98,51.72982,0.41440 [non pulse-like]
RSN1501_CHICHI_TCU063-E,7.62,9.78,9.78,476.14,0.1825,43.98047,43.68283,0.24566,0.03239,12.56413,14.27722,1.45511,0.05531,14206.38418,1675.39601,0.16162,154.11391,162.5627,0.15749,41.99783,0.18194,0.11862,81.43903,0.96469,38.62017,0.34143,1.32407,3.98,42.71006,0.45497 [non pulse-like]
RSN1501_CHICHI_TCU063-N,7.62,9.78,9.78,476.14,0.13259,82.82981,52.68968,0.63681,0.02882,13.40042,12.50468,1.15178,0.04641,16160.51765,1449.29135,0.10342,132.5213,152.7263,0.12821,47.60896,0.13228,0.09971,126.2015,0.69604,17.8098,0.28473,1.11532,3.66,76.39452,0.69677 [pulse-like]
RSN1502_CHICHI_TCU064-E,7.62,16.59,16.59,645.72,0.11133,42.71187,41.33617,0.39108,0.01822,10.28106,13.66542,0.46034,0.02333,9512.49176,873.05329,0.07451,94.69976,97.82098,0.08535,33.56347,0.1115,0.07537,75.27522,0.2153,21.16866,0.19217,0.51252,3.92,41.58494,0.51371 [non pulse-like]
RSN1502_CHICHI_TCU064-N,7.62,16.59,16.59,645.72,0.11574,55.31159,59.16019,0.48714,0.01992,13.52325,15.13797,0.55053,0.02668,16458.14199,975.75563,0.07992,88.24972,95.10655,0.08836,42.54999,0.11573,0.07327,75.85336,0.20498,18.21115,0.1957,0.58601,3.98,43.66709,0.45991 [non pulse-like]
RSN1503_CHICHI_TCU065-E,7.62,0.57,0.57,305.85,0.11574,55.31159,59.16019,0.48714,0.01992,13.52325,15.13797,0.55053,0.02668,16458.14199,975.75563,0.07992,88.24972,95.10655,0.08836,42.54999,0.11573,0.07327,75.85336,0.20498,18.21115,0.1957,0.58601,3.98,89.04296,0.61736 [ambiguous]
RSN1503_CHICHI_TCU065-N,7.62,0.57,0.57,305.85,0.57547,92.12768,50.19888,0.16319,0.072,17.45917,12.36389,7.18822,0.18326,27432.51189,3346.12255,0.33242,351.92706,348.82341,0.377,63.11752,0.57724,0.30845,126.58225,5.36919,36.56424,0.76399,3.06411,2.84,89.5775,0.38503 [non pulse-like]
RSN1505_CHICHI_TCU068-E,7.62,0,0.32,487.34,0.51168,249.59401,297.15416,0.49724,0.0488,36.10664,82.22328,3.3019,0.10225,117325.5284,1750.50025,0.47966,310.47126,356.64125,0.49047,120.43043,0.50678,0.41498,194.04893,1.37502,7.10459,0.78383,1.43948,3.98,233.3488,0.73190 [pulse-like]
RSN1505_CHICHI_TCU068-N,7.62,0,0.32,487.34,0.37091,264.09987,421.6757,0.72582,0.04813,45.7941,107.17154,3.21217,0.10016,188728.5162,1927.17614,0.2583,265.63337,291.73026,0.29558,143.21434,0.37086,0.2218,407.30553,1.1191,7.36529,0.60885,1.61461,3.98,101.43288,0.63142 [ambiguous]
RSN1510_CHICHI_TCU075-E,7.62,0.89,0.89,573.02,0.33198,109.55689,96.6083,0.3364,0.04631,14.07836,19.52474,2.97401,0.09454,17837.02769,2171.77451,0.31108,169.35533,187.06432,0.23682,49.62738,0.33004,0.19952,115.29239,4.55973,19.98251,0.41069,1.88903,3.98,107.89187,0.80852 [pulse-like]
RSN1510_CHICHI_TCU075-N,7.62,0.89,0.89,573.02,0.2625,36.0823,31.58062,0.14012,0.02998,8.37613,8.49823,1.24647,0.04925,6314.01082,1484.97027,0.19846,88.28328,89.78468,0.15218,35.1315,0.25834,0.1281,47.45679,1.69024,41.83884,0.21831,1.17742,3.92,35.66035,0.49109 [non pulse-like]
RSN1511_CHICHI_TCU076-E,7.62,2.74,2.74,614.98,0.34448,51.84418,33.27443,0.15341,0.05034,8.13007,6.20717,3.51371,0.10713,5948.49188,2355.40492,0.34642,132.44568,127.36754,0.27843,32.58694,0.33708,0.20876,36.18113,6.12208,45.7277,0.31607,2.11162,3.98,50.74303,0.67925 [pulse-like]
RSN1511_CHICHI_TCU076-N,7.62,2.74,2.74,614.98,0.42846,59.7574,43.29141,0.14217,0.05132,8.64772,7.19904,3.65296,0.1103,6730.09404,2357.96072,0.33761,199.61793,187.05961,0.27652,38.41851,0.42266,0.25108,89.77914,5.26609,39.71487,0.44681,2.08522,3.96,56.31672,0.53338 [non pulse-like]
RSN1515_CHICHI_TCU082-E,7.62,5.16,5.16,472.81,0.22531,54.92308,95.08009,0.24849,0.02942,10.68513,18.61076,1.20045,0.04788,10274.91088,1346.03575,0.21923,116.92088,118.75257,0.16397,45.75666,0.22427,0.13203,48.39037,1.05577,25.00488,0.2817,1.04673,3.52,52.40983,0.44714 [non pulse-like]
RSN1515_CHICHI_TCU082-N,7.62,5.16,5.16,472.81,0.18588,40.76561,44.25589,0.22356,0.0306,9.88229,11.3775,1.29818,0.05077,8788.88934,1406.89059,0.17189,137.80051,140.41139,0.18315,36.91104,0.18712,0.13755,65.97568,1.01599,35.2103,0.30948,1.10332,3.6,25.23837,0.46088 [non pulse-like]
RSN1519_CHICHI_TCU087-E,7.62,6.98,6.98,538.69,0.12165,45.02266,59.99275,0.37726,0.01786,8.72276,13.43759,0.44234,0.02264,6847.40588,854.75496,0.10933,77.6311,81.98304,0.09591,30.16739,0.1217,0.0764,45.76748,0.34536,19.68444,0.17972,0.50139,3.88,42.04386,0.42761 [non pulse-like]
RSN1519_CHICHI_TCU087-N,7.62,6.98,6.98,538.69,0.11382,40.48472,34.07377,0.36258,0.01925,7.37167,5.87573,0.51372,0.02533,4890.46125,916.20134,0.0945,76.57762,83.09452,0.09158,30.54829,0.1136,0.07683,71.0337,0.28201,23.42152,0.18199,0.56148,3.98,36.44106,0.79131 [pulse-like]
RSN1528_CHICHI_TCU101-E,7.62,2.11,2.11,389.41,0.21192,76.81061,73.48372,0.36947,0.03622,14.06434,19.71945,0.99022,0.04824,9691.49125,1053.39425,0.2077,116.11505,111.50074,0.19718,41.28813,0.20805,0.14644,61.88761,1.30143,13.76995,0.26688,0.82886,3.98,68.86124,0.66481 [pulse-like]
RSN1528_CHICHI_TCU101-N,7.62,2.11,2.11,389.41,0.25849,50.97208,35.95485,0.20101,0.03624,11.66462,12.6769,0.99161,0.04829,6666.42473,1066.63116,0.17973,118.92809,113.361,0.16441,37.54473,0.25077,0.15509,39.36544,1.02212,21.03138,0.2661,0.83924,3.98,37.4187,0.61271 [ambiguous]
RSN1529_CHICHI_TCU102-E,7.62,1.49,1.49,714.27,0.30393,91.72089,104.53675,0.30763,0.03821,15.09517,16.91072,2.02507,0.07087,20506.63245,1512.19056,0.16643,244.64938,260.05252,0.20802,67.0656,0.30349,0.22916,158.28601,0.8332,16.8015,0.51475,1.18084,2.56,89.19678,0.56591 [ambiguous]
RSN1529_CHICHI_TCU102-N,7.62,1.49,1.49,714.27,0.17172,66.42757,50.71382,0.39433,0.03516,12.8016,9.9956,1.71403,0.06253,14748.46853,1616.4989,0.11129,224.97339,233.94791,0.13969,52.9655,0.1705,0.11986,126.14899,0.57451,24.77007,0.40513,1.32615,2.42,65.39897,0.59153 [ambiguous]
RSN1530_CHICHI_TCU103-E,7.62,6.08,6.08,494.1,0.12886,70.25456,68.38636,0.55574,0.02244,11.91139,15.87945,0.69806,0.03188,12768.60476,999.09307,0.13759,112.70036,112.65854,0.11788,41.11185,0.12795,0.09291,52.6352,0.40297,14.67622,0.23811,0.65928,3.94,67.2235,0.62097 [ambiguous]
RSN1530_CHICHI_TCU103-N,7.62,6.08,6.08,494.1,0.15267,24.21933,17.87356,0.16171,0.02062,5.63418,5.11374,0.58943,0.02808,2856.79753,960.22979,0.13524,90.26586,84.69284,0.11827,19.79152,0.1519,0.09908,37.50687,0.47042,40.99059,0.19414,0.6297,3.98,23.11835,0.39325 [non pulse-like]
RSN1531_CHICHI_TCU104-E,7.62,12.87,12.87,410.45,0.10353,30.97603,39.09127,0.30498,0.0187,7.99445,12.30554,0.48515,0.02427,5751.69604,905.22264,0.0936,77.33488,74.87257,0.10024,29.81781,0.10347,0.07734,29.33859,0.36558,30.18667,0.16577,0.54873,3.64,30.14118,0.38315 [non pulse-like]
RSN1531_CHICHI_TCU104-N,7.62,12.87,12.87,410.45,0.08866,47.48813,45.19265,0.54599,0.01728,11.70691,13.95941,0.41393,0.02154,12333.96153,868.28453,0.07594,62.76987,70.15833,0.07943,40.5477,0.08734,0.05923,74.96606,0.21952,18.8933,0.14867,0.50511,3.98,35.80279,0.49310 [non pulse-like]
RSN1548_CHICHI_TCU128-E,7.62,13.13,13.13,599.64,0.14399,63.7544,81.84172,0.45134,0.02127,14.01185,18.48954,0.62754,0.02943,17668.89726,932.62149,0.10952,89.02392,96.76029,0.10554,52.4855,0.14407,0.09676,88.59635,0.46642,15.12522,0.20965,0.61286,3.98,57.9723,0.56735 [ambiguous]
RSN1548_CHICHI_TCU128-N,7.62,13.13,13.13,599.64,0.16674,62.64515,52.2932,0.38298,0.02441,10.48308,8.98143,0.82605,0.03617,9889.99236,1047.66149,0.12313,103.25312,119.84044,0.14288,46.84701,0.1666,0.12722,75.66854,0.52316,17.24651,0.25438,0.7367,3.98,54.19834,0.76673 [pulse-like]
RSN1550_CHICHI_TCU136-N,7.62,8.27,8.27,462.1,0.17417,51.46551,44.14423,0.30121,0.02085,9.53518,11.54865,0.60262,0.02855,8182.40408,921.39784,0.11027,103.12474,103.40756,0.11558,32.5574,0.1741,0.11896,83.69563,0.38504,18.54091,0.22249,0.60891,3.72,46.2969,0.61731 [ambiguous]
RSN1550_CHICHI_TCU136-W,7.62,8.27,8.27,462.1,0.17032,45.44538,60.13554,0.27199,0.02174,9.60487,14.43612,0.6554,0.03041,8302.45124,934.45092,0.1313,120.08014,110.16363,0.11785,37.84412,0.17073,0.12008,47.51269,0.52236,21.2645,0.24477,0.61404,3.02,39.79366,0.37193 [non pulse-like]
RSN1602_DUZCE_BOL000,7.14,12.02,12.04,293.57,0.73925,55.93427,25.587,0.07713,0.06574,8.34816,5.61144,3.72251,0.12602,3895.07391,1483.35349,0.64334,236.90286,214.1133,0.43106,41.89196,0.73625,0.45759,61.8921,4.55052,26.59587,0.54266,1.25812,2.72,40.37804,0.45627 [non pulse-like]
RSN1602_DUZCE_BOL090,7.14,12.02,12.04,293.57,0.80568,65.88261,13.0985,0.08336,0.05312,7.72679,2.86295,2.43009,0.09153,3336.81231,1166.9295,0.48238,258.38433,236.98149,0.36738,28.41236,0.79973,0.64535,128.00142,1.76201,17.79691,0.56194,0.9019,0.98,111.23981,0.71040 [pulse-like]
RSN2114_DENALI_PS10-047,7.14,0.18,2.74,329.4,0.3326,115.7156,53.44168,0.35465,0.03654,12.14116,8.45946,1.89419,0.06702,13574.78217,1518.58891,0.2435,294.32545,328.7223,0.28726,54.98657,0.33309,0.26475,176.21274,0.90105,13.2961,0.66255,1.0988,2.56,94.596,0.70924 [pulse-like]
RSN2114_DENALI_PS10-317,7.14,0.18,2.74,329.4,0.29741,65.96213,36.69825,0.22608,0.02734,8.81442,7.10038,1.06089,0.04339,7154.84539,1277.50906,0.16785,199.62941,202.43511,0.15833,39.05422,0.29689,0.19094,105.08422,0.77846,19.67404,0.42436,0.81842,3.98,49.37013,0.71312 [pulse-like]
RSN2734_CHICHI.04_CHY074E,7.62,6.02,6.2,553.43,0.32226,32.87528,10.11607,0.10399,0.02627,3.45022,1.15248,1.38329,0.04857,1548.00264,952.27856,0.2677,165.41878,146.85111,0.26456,30.0037,0.31723,0.23009,54.08749,1.55222,30.91642,0.34249,0.70804,0.86,27.23562,0.48300 [non pulse-like]
RSN2734_CHICHI.04_CHY074N,7.62,6.02,6.2,553.43,0.34122,43.5005,16.18201,0.12995,0.02832,3.57959,1.72469,1.60667,0.05434,1666.26075,949.15368,0.43326,175.27021,165.02262,0.3072,31.60261,0.33963,0.26342,57.62871,2.11329,23.28259,0.39991,0.68732,2.02,28.43615,0.67613 [pulse-like]
RSN3473_CHICHI.06_TCU078E,7.62,5.72,11.52,443.04,0.26627,40.33476,14.71535,0.15441,0.02421,3.29851,2.20297,0.67776,0.03263,816.44739,594.12044,0.25859,104.93256,95.04782,0.22096,14.80417,0.26432,0.20396,42.05146,1.08948,15.60625,0.23236,0.41522,3.7,161.89431,0.72445 [pulse-like]
RSN3473_CHICHI.06_TCU078N,7.62,5.72,11.52,443.04,0.38731,34.70529,8.08726,0.09134,0.02933,2.41214,0.79682,0.99481,0.04352,436.6128,645.54135,0.38365,98.76169,85.34039,0.26804,19.01846,0.38551,0.29474,48.55318,1.72167,19.58914,0.2157,0.46568,0.8,64.72442,0.59560 [ambiguous]
RSN3475_CHICHI.06_TCU080E,7.62,0,10.2,489.32,0.47099,29.25353,5.72922,0.06331,0.03613,2.26465,0.52558,2.17185,0.07136,553.86928,1062.28733,0.28474,117.07128,95.64844,0.44122,16.63233,0.41051,0.31509,52.77508,7.7513,37.96853,0.24081,0.87882,0.84,40.35931,0.67536 [pulse-like]
RSN3475_CHICHI.06_TCU080N,7.62,0,10.2,489.32,0.53961,36.10813,5.91342,0.06821,0.04334,2.19548,0.75986,3.12618,0.09377,520.55183,1158.38712,0.42674,124.11229,96.50849,0.51462,24.61968,0.51524,0.41064,50.41737,10.5735,33.40568,0.25218,0.98203,1.4,65.76468,0.68081 [pulse-like]
RSN3548_LOMAP_LEX000,6.93,3.22,5.02,1070.34,0.44276,85.69488,17.33305,0.1973,0.03842,6.17283,2.62585,1.86265,0.06814,3121.08303,819.04686,0.31938,273.28862,249.84175,0.2971,36.69645,0.43669,0.34402,122.56853,1.05357,10.10038,0.55243,0.67982,1.06,49.76774,0.79128 [pulse-like]
RSN3548_LOMAP_LEX090,6.93,3.22,5.02,1070.34,0.41147,95.77715,30.29089,0.23728,0.03731,7.18671,3.77331,1.75687,0.06522,4230.54887,797.81231,0.26947,285.99399,269.3776,0.25336,30.7591,0.4094,0.32547,121.87384,1.15393,8.82243,0.58865,0.65903,2.12,143.15915,0.81012 [pulse-like]
